row_id,label
0,0
1,0
2,1
3,0
4,1
5,1
6,2
7,1
8,0
9,0
10,0
11,0
12,3
13,0
14,1
15,0
16,0
17,2
18,1
19,1
20,1
21,0
22,1
23,3
24,0
25,1
26,0
27,1
28,1
29,0
30,3
31,2
32,2
33,1
34,0
35,1
36,1
37,1
38,0
39,1
40,2
41,1
42,0
43,2
44,1
45,1
46,0
47,0
48,0
49,1
50,1
51,1
52,0
53,0
54,1
55,0
56,1
57,1
58,3
59,0
60,0
61,0
62,1
63,0
64,0
65,1
66,0
67,1
68,1
69,0
70,0
71,1
72,2
73,0
74,0
75,0
76,3
77,1
78,3
79,1
80,0
81,2
82,1
83,1
84,0
85,0
86,1
87,1
88,0
89,1
90,0
91,1
92,1
93,2
94,1
95,1
96,0
97,2
98,0
99,1
100,2
101,0
102,0
103,1
104,3
105,1
106,3
107,0
108,1
109,2
110,1
111,1
112,1
113,1
114,0
115,1
116,1
117,1
118,0
119,0
120,1
121,0
122,0
123,0
124,2
125,1
126,0
127,2
128,2
129,1
130,2
131,1
132,0
133,1
134,0
135,3
136,2
137,0
138,3
139,1
140,0
141,1
142,0
143,0
144,0
145,0
146,0
147,1
148,0
149,1
150,0
151,0
152,1
153,0
154,2
155,1
156,2
157,0
158,0
159,0
160,0
161,0
162,1
163,1
164,0
165,1
166,1
167,0
168,0
169,1
170,0
171,0
172,1
173,1
174,0
175,2
176,1
177,1
178,1
179,1
180,0
181,2
182,0
183,0
184,1
185,0
186,0
187,1
188,0
189,0
190,1
191,2
192,1
193,3
194,0
195,1
196,3
197,0
198,1
199,3
200,1
201,0
202,0
203,0
204,2
205,1
206,0
207,0
208,0
209,1
210,1
211,3
212,2
213,0
214,1
215,0
216,3
217,1
218,1
219,1
220,3
221,1
222,1
223,0
224,0
225,0
226,2
227,1
228,3
229,0
230,1
231,0
232,0
233,0
234,1
235,0
236,0
237,1
238,3
239,0
240,1
241,0
242,1
243,0
244,1
245,0
246,1
247,0
248,1
249,0
250,0
251,1
252,3
253,0
254,0
255,0
256,0
257,1
258,1
259,1
260,0
261,0
262,2
263,1
264,0
265,1
266,2
267,0
268,0
269,1
270,0
271,0
272,1
273,1
274,0
275,0
276,0
277,0
278,1
279,2
280,1
281,2
282,0
283,0
284,1
285,0
286,3
287,0
288,1
289,1
290,1
291,1
292,1
293,1
294,1
295,1
296,0
297,0
298,0
299,2
300,1
301,0
302,1
303,0
304,0
305,0
306,1
307,1
308,1
309,1
310,1
311,1
312,2
313,0
314,0
315,2
316,0
317,1
318,0
319,2
320,0
321,2
322,1
323,0
324,0
325,1
326,1
327,0
328,0
329,2
330,3
331,0
332,0
333,3
334,0
335,0
336,0
337,0
338,1
339,0
340,2
341,0
342,0
343,1
344,0
345,1
346,0
347,1
348,1
349,0
350,0
351,1
352,3
353,0
354,1
355,2
356,0
357,0
358,0
359,1
360,0
361,0
362,0
363,0
364,2
365,2
366,2
367,0
368,1
369,1
370,0
371,3
372,3
373,1
374,0
375,1
376,0
377,1
378,0
379,0
380,0
381,0
382,0
383,3
384,0
385,3
386,1
387,1
388,0
389,0
390,1
391,1
392,0
393,3
394,0
395,1
396,0
397,0
398,1
399,2
400,1
401,0
402,1
403,3
404,1
405,0
406,0
407,0
408,0
409,1
410,0
411,2
412,0
413,2
414,1
415,3
416,0
417,0
418,3
419,1
420,1
421,1
422,1
423,0
424,1
425,2
426,0
427,0
428,0
429,1
430,2
431,1
432,1
433,1
434,2
435,1
436,1
437,1
438,0
439,2
440,0
441,0
442,0
443,2
444,2
445,1
446,0
447,1
448,1
449,2
450,1
451,1
452,1
453,0
454,0
455,0
456,1
457,0
458,0
459,0
460,1
461,0
462,0
463,2
464,1
465,3
466,0
467,0
468,1
469,0
470,0
471,2
472,1
473,0
474,3
475,0
476,1
477,0
478,3
479,1
480,0
481,2
482,1
483,0
484,0
485,0
486,0
487,0
488,0
489,1
490,2
491,1
492,0
493,1
494,0
495,1
496,0
497,1
498,0
499,1
500,1
501,1
502,1
503,0
504,0
505,2
506,1
507,1
508,1
509,0
510,2
511,0
512,3
513,0
514,0
515,0
516,3
517,0
518,0
519,3
520,0
521,2
522,1
523,0
524,1
525,1
526,0
527,1
528,3
529,0
530,0
531,0
532,0
533,0
534,3
535,0
536,0
537,0
538,0
539,0
540,0
541,3
542,0
543,3
544,0
545,1
546,2
547,1
548,1
549,0
550,0
551,1
552,3
553,1
554,2
555,2
556,1
557,3
558,0
559,0
560,0
561,0
562,2
563,1
564,0
565,1
566,1
567,0
568,0
569,1
570,0
571,1
572,2
573,2
574,1
575,1
576,1
577,0
578,1
579,0
580,0
581,3
582,1
583,1
584,0
585,0
586,0
587,1
588,1
589,0
590,1
591,0
592,0
593,1
594,0
595,1
596,0
597,1
598,1
599,2
600,1
601,1
602,2
603,0
604,0
605,1
606,1
607,0
608,1
609,1
610,1
611,1
612,2
613,2
614,1
615,0
616,0
617,0
618,1
619,3
620,1
621,1
622,0
623,1
624,0
625,1
626,2
627,0
628,0
629,0
630,0
631,1
632,0
633,0
634,2
635,1
636,1
637,3
638,0
639,2
640,2
641,1
642,1
643,0
644,0
645,0
646,0
647,0
648,1
649,3
650,1
651,0
652,2
653,0
654,0
655,1
656,1
657,3
658,1
659,1
660,0
661,0
662,1
663,1
664,1
665,0
666,0
667,1
668,1
669,1
670,0
671,2
672,1
673,2
674,1
675,0
676,1
677,2
678,0
679,1
680,0
681,1
682,0
683,3
684,2
685,0
686,1
687,1
688,0
689,0
690,1
691,0
692,0
693,0
694,3
695,1
696,0
697,0
698,0
699,0
700,1
701,0
702,0
703,3
704,1
705,1
706,0
707,0
708,1
709,0
710,2
711,0
712,0
713,0
714,0
715,0
716,1
717,0
718,0
719,0
720,0
721,1
722,3
723,0
724,2
725,1
726,0
727,1
728,1
729,1
730,0
731,0
732,0
733,1
734,1
735,0
736,2
737,0
738,0
739,0
740,0
741,0
742,0
743,1
744,0
745,0
746,0
747,1
748,0
749,0
750,1
751,2
752,1
753,0
754,0
755,0
756,1
757,0
758,1
759,2
760,0
761,1
762,0
763,0
764,2
765,0
766,1
767,0
768,0
769,2
770,0
771,2
772,1
773,1
774,3
775,0
776,2
777,0
778,1
779,1
780,1
781,1
782,0
783,0
784,2
785,1
786,1
787,2
788,0
789,0
790,0
791,2
792,2
793,0
794,0
795,2
796,0
797,1
798,2
799,1
800,0
801,0
802,2
803,3
804,0
805,0
806,0
807,1
808,0
809,1
810,1
811,0
812,0
813,0
814,1
815,0
816,0
817,0
818,0
819,1
820,0
821,0
822,1
823,2
824,3
825,0
826,0
827,0
828,1
829,2
830,1
831,0
832,0
833,1
834,1
835,1
836,0
837,0
838,0
839,2
840,1
841,3
842,2
843,1
844,1
845,0
846,2
847,0
848,2
849,2
850,1
851,0
852,1
853,0
854,0
855,2
856,0
857,0
858,3
859,0
860,0
861,1
862,0
863,0
864,1
865,0
866,1
867,0
868,0
869,1
870,0
871,3
872,0
873,0
874,0
875,1
876,2
877,0
878,0
879,0
880,0
881,1
882,1
883,2
884,1
885,2
886,1
887,3
888,3
889,0
890,0
891,0
892,1
893,1
894,0
895,0
896,1
897,1
898,0
899,2
900,2
901,0
902,0
903,3
904,0
905,1
906,1
907,1
908,0
909,0
910,0
911,1
912,1
913,1
914,1
915,0
916,1
917,0
918,1
919,0
920,1
921,1
922,1
923,2
924,1
925,1
926,1
927,1
928,0
929,2
930,1
931,1
932,1
933,1
934,1
935,0
936,1
937,1
938,0
939,0
940,1
941,1
942,1
943,1
944,0
945,1
946,1
947,0
948,0
949,1
950,1
951,1
952,0
953,1
954,0
955,1
956,2
957,1
958,1
959,0
960,0
961,1
962,0
963,1
964,2
965,0
966,0
967,0
968,1
969,3
970,1
971,1
972,1
973,0
974,0
975,1
976,1
977,1
978,0
979,1
980,0
981,0
982,0
983,0
984,0
985,0
986,0
987,0
988,0
989,1
990,0
991,1
992,0
993,0
994,1
995,1
996,0
997,0
998,0
999,0
1000,1
1001,1
1002,1
1003,0
1004,0
1005,0
1006,1
1007,0
1008,0
1009,0
1010,1
1011,3
1012,1
1013,1
1014,0
1015,0
1016,0
1017,1
1018,0
1019,2
1020,1
1021,1
1022,1
1023,1
1024,1
1025,1
1026,2
1027,1
1028,1
1029,1
1030,0
1031,0
1032,2
1033,1
1034,1
1035,1
1036,0
1037,0
1038,1
1039,0
1040,1
1041,0
1042,1
1043,1
1044,1
1045,0
1046,3
1047,2
1048,1
1049,1
1050,0
1051,1
1052,3
1053,0
1054,0
1055,1
1056,0
1057,0
1058,1
1059,1
1060,2
1061,1
1062,2
1063,0
1064,1
1065,1
1066,0
1067,0
1068,0
1069,3
1070,3
1071,1
1072,1
1073,2
1074,0
1075,1
1076,0
1077,0
1078,0
1079,0
1080,0
1081,1
1082,1
1083,0
1084,0
1085,0
1086,1
1087,0
1088,0
1089,2
1090,1
1091,0
1092,0
1093,0
1094,1
1095,1
1096,1
1097,2
1098,0
1099,2
1100,1
1101,1
1102,0
1103,0
1104,0
1105,1
1106,1
1107,0
1108,0
1109,1
1110,0
1111,1
1112,0
1113,0
1114,0
1115,1
1116,1
1117,0
1118,1
1119,0
1120,1
1121,0
1122,1
1123,1
1124,1
1125,1
1126,1
1127,2
1128,1
1129,0
1130,1
1131,2
1132,0
1133,0
1134,1
1135,1
1136,2
1137,1
1138,2
1139,1
1140,1
1141,0
1142,1
1143,0
1144,1
1145,2
1146,1
1147,2
1148,1
1149,3
1150,2
1151,0
1152,0
1153,0
1154,0
1155,0
1156,0
1157,1
1158,0
1159,0
1160,2
1161,0
1162,1
1163,0
1164,3
1165,1
1166,1
1167,0
1168,0
1169,0
1170,0
1171,0
1172,1
1173,0
1174,0
1175,1
1176,0
1177,0
1178,2
1179,2
1180,0
1181,1
1182,0
1183,2
1184,0
1185,1
1186,2
1187,0
1188,1
1189,0
1190,0
1191,3
1192,1
1193,0
1194,1
1195,3
1196,1
1197,1
1198,1
1199,0
1200,2
1201,1
1202,0
1203,1
1204,1
1205,1
1206,0
1207,2
1208,0
1209,0
1210,1
1211,0
1212,0
1213,1
1214,2
1215,1
1216,0
1217,2
1218,0
1219,1
1220,1
1221,1
1222,1
1223,2
1224,3
1225,0
1226,0
1227,0
1228,1
1229,1
1230,0
1231,0
1232,1
1233,3
1234,3
1235,0
1236,0
1237,1
1238,0
1239,0
1240,1
1241,0
1242,1
1243,0
1244,1
1245,0
1246,2
1247,1
1248,1
1249,2
1250,3
1251,0
1252,0
1253,0
1254,0
1255,0
1256,1
1257,1
1258,0
1259,3
1260,0
1261,1
1262,2
1263,0
1264,2
1265,0
1266,0
1267,0
1268,1
1269,2
1270,3
1271,0
1272,1
1273,0
1274,1
1275,1
1276,1
1277,1
1278,1
1279,1
1280,1
1281,1
1282,0
1283,1
1284,1
1285,1
1286,0
1287,1
1288,0
1289,1
1290,1
1291,0
1292,1
1293,1
1294,3
1295,0
1296,1
1297,1
1298,2
1299,1
1300,1
1301,1
1302,0
1303,0
1304,1
1305,0
1306,0
1307,1
1308,0
1309,1
1310,0
1311,0
1312,0
1313,3
1314,1
1315,0
1316,0
1317,0
1318,0
1319,0
1320,0
1321,2
1322,0
1323,0
1324,1
1325,0
1326,0
1327,1
1328,1
1329,1
1330,1
1331,0
1332,3
1333,0
1334,0
1335,0
1336,2
1337,0
1338,2
1339,1
1340,2
1341,0
1342,1
1343,0
1344,0
1345,3
1346,1
1347,0
1348,3
1349,2
1350,1
1351,0
1352,0
1353,0
1354,2
1355,0
1356,1
1357,1
1358,0
1359,0
1360,2
1361,1
1362,0
1363,3
1364,1
1365,2
1366,1
1367,0
1368,3
1369,1
1370,1
1371,1
1372,1
1373,2
1374,0
1375,1
1376,1
1377,0
1378,0
1379,0
1380,1
1381,2
1382,1
1383,0
1384,0
1385,3
1386,2
1387,2
1388,1
1389,0
1390,0
1391,0
1392,0
1393,0
1394,1
1395,2
1396,0
1397,0
1398,0
1399,0
1400,1
1401,3
1402,0
1403,1
1404,1
1405,2
1406,0
1407,0
1408,0
1409,2
1410,1
1411,1
1412,0
1413,1
1414,1
1415,1
1416,0
1417,0
1418,0
1419,2
1420,1
1421,0
1422,0
1423,0
1424,1
1425,1
1426,1
1427,0
1428,1
1429,1
1430,2
1431,1
1432,0
1433,0
1434,0
1435,3
1436,0
1437,1
1438,0
1439,3
1440,1
1441,1
1442,1
1443,1
1444,0
1445,1
1446,0
1447,0
1448,0
1449,0
1450,0
1451,0
1452,1
1453,1
1454,0
1455,3
1456,2
1457,0
1458,1
1459,2
1460,1
1461,0
1462,0
1463,0
1464,0
1465,0
1466,2
1467,1
1468,0
1469,1
1470,2
1471,0
1472,1
1473,1
1474,1
1475,0
1476,1
1477,0
1478,1
1479,1
1480,0
1481,0
1482,0
1483,0
1484,1
1485,0
1486,1
1487,1
1488,1
1489,0
1490,0
1491,2
1492,0
1493,1
1494,1
1495,0
1496,0
1497,0
1498,1
1499,0
1500,3
1501,2
1502,1
1503,1
1504,0
1505,3
1506,0
1507,0
1508,1
1509,0
1510,3
1511,1
1512,2
1513,0
1514,0
1515,0
1516,1
1517,1
1518,1
1519,0
1520,1
1521,2
1522,1
1523,0
1524,1
1525,3
1526,2
1527,1
1528,1
1529,1
1530,1
1531,3
1532,0
1533,2
1534,0
1535,0
1536,0
1537,1
1538,2
1539,1
1540,1
1541,0
1542,1
1543,1
1544,3
1545,0
1546,1
1547,1
1548,1
1549,0
1550,1
1551,0
1552,3
1553,1
1554,1
1555,0
1556,0
1557,0
1558,1
1559,1
1560,0
1561,0
1562,1
1563,0
1564,3
1565,1
1566,1
1567,0
1568,0
1569,2
1570,1
1571,1
1572,2
1573,0
1574,1
1575,1
1576,0
1577,1
1578,1
1579,1
1580,1
1581,1
1582,0
1583,0
1584,1
1585,0
1586,1
1587,1
1588,1
1589,0
1590,0
1591,3
1592,0
1593,3
1594,0
1595,0
1596,0
1597,2
1598,1
1599,2
1600,1
1601,0
1602,2
1603,0
1604,1
1605,2
1606,1
1607,0
1608,0
1609,0
1610,0
1611,1
1612,1
1613,0
1614,0
1615,1
1616,0
1617,0
1618,0
1619,0
1620,0
1621,1
1622,1
1623,2
1624,2
1625,2
1626,0
1627,0
1628,1
1629,3
1630,2
1631,1
1632,0
1633,1
1634,0
1635,1
1636,0
1637,0
1638,1
1639,0
1640,0
1641,0
1642,0
1643,0
1644,1
1645,2
1646,0
1647,1
1648,1
1649,0
1650,0
1651,1
1652,0
1653,0
1654,0
1655,2
1656,0
1657,0
1658,1
1659,0
1660,1
1661,0
1662,1
1663,0
1664,0
1665,0
1666,1
1667,0
1668,1
1669,1
1670,0
1671,0
1672,2
1673,1
1674,0
1675,0
1676,0
1677,1
1678,0
1679,2
1680,0
1681,0
1682,1
1683,1
1684,3
1685,1
1686,0
1687,1
1688,0
1689,0
1690,1
1691,1
1692,0
1693,2
1694,0
1695,0
1696,0
1697,0
1698,0
1699,0
1700,0
1701,1
1702,2
1703,0
1704,1
1705,1
1706,0
1707,1
1708,0
1709,0
1710,1
1711,1
1712,1
1713,0
1714,0
1715,1
1716,1
1717,2
1718,1
1719,0
1720,0
1721,1
1722,0
1723,1
1724,1
1725,1
1726,1
1727,1
1728,0
1729,0
1730,1
1731,2
1732,0
1733,3
1734,1
1735,2
1736,1
1737,0
1738,2
1739,2
1740,0
1741,3
1742,1
1743,1
1744,1
1745,0
1746,0
1747,2
1748,0
1749,0
1750,0
1751,2
1752,0
1753,1
1754,0
1755,2
1756,0
1757,0
1758,2
1759,0
1760,2
1761,0
1762,0
1763,0
1764,2
1765,2
1766,0
1767,0
1768,0
1769,1
1770,0
1771,1
1772,0
1773,1
1774,0
1775,1
1776,2
1777,0
1778,3
1779,1
1780,0
1781,3
1782,1
1783,3
1784,0
1785,3
1786,2
1787,1
1788,2
1789,1
1790,1
1791,1
1792,0
1793,0
1794,1
1795,1
1796,2
1797,0
1798,1
1799,0
1800,2
1801,1
1802,0
1803,0
1804,1
1805,3
1806,0
1807,3
1808,0
1809,1
1810,0
1811,0
1812,1
1813,1
1814,0
1815,1
1816,1
1817,0
1818,0
1819,1
1820,1
1821,0
1822,1
1823,1
1824,0
1825,1
1826,1
1827,0
1828,1
1829,2
1830,1
1831,0
1832,2
1833,1
1834,2
1835,1
1836,3
1837,1
1838,2
1839,1
1840,0
1841,0
1842,0
1843,0
1844,1
1845,0
1846,2
1847,0
1848,1
1849,0
1850,0
1851,1
1852,3
1853,1
1854,2
1855,0
1856,1
1857,0
1858,2
1859,1
1860,0
1861,1
1862,0
1863,0
1864,1
1865,0
1866,1
1867,0
1868,1
1869,0
1870,1
1871,1
1872,3
1873,0
1874,2
1875,1
1876,1
1877,0
1878,0
1879,0
1880,1
1881,0
1882,0
1883,0
1884,0
1885,1
1886,1
1887,1
1888,0
1889,0
1890,0
1891,2
1892,1
1893,1
1894,3
1895,0
1896,1
1897,2
1898,0
1899,0
1900,0
1901,1
1902,3
1903,0
1904,0
1905,1
1906,1
1907,1
1908,1
1909,0
1910,0
1911,1
1912,1
1913,1
1914,0
1915,3
1916,1
1917,1
1918,0
1919,3
1920,1
1921,1
1922,0
1923,1
1924,0
1925,1
1926,2
1927,0
1928,1
1929,1
1930,0
1931,1
1932,0
1933,0
1934,1
1935,1
1936,0
1937,1
1938,0
1939,0
1940,0
1941,0
1942,2
1943,2
1944,0
1945,1
1946,1
1947,0
1948,1
1949,0
1950,0
1951,0
1952,0
1953,1
1954,1
1955,3
1956,1
1957,1
1958,0
1959,1
1960,1
1961,1
1962,1
1963,2
1964,0
1965,0
1966,0
1967,0
1968,1
1969,0
1970,3
1971,1
1972,3
1973,1
1974,1
1975,0
1976,0
1977,1
1978,1
1979,1
1980,0
1981,1
1982,1
1983,0
1984,0
1985,2
1986,0
1987,0
1988,0
1989,1
1990,0
1991,1
1992,0
1993,0
1994,1
1995,1
1996,1
1997,0
1998,1
1999,0
2000,2
2001,3
2002,0
2003,0
2004,0
2005,1
2006,1
2007,0
2008,2
2009,1
2010,3
2011,0
2012,1
2013,1
2014,0
2015,1
2016,0
2017,1
2018,0
2019,1
2020,0
2021,0
2022,0
2023,0
2024,0
2025,1
2026,1
2027,0
2028,1
2029,1
2030,2
2031,1
2032,1
2033,0
2034,2
2035,1
2036,1
2037,0
2038,2
2039,0
2040,0
2041,1
2042,0
2043,1
2044,0
2045,0
2046,2
2047,1
2048,0
2049,2
2050,0
2051,2
2052,0
2053,0
2054,2
2055,0
2056,1
2057,3
2058,0
2059,0
2060,2
2061,0
2062,1
2063,1
2064,1
2065,0
2066,0
2067,0
2068,0
2069,0
2070,0
2071,2
2072,1
2073,0
2074,2
2075,3
2076,2
2077,1
2078,0
2079,0
2080,0
2081,0
2082,1
2083,1
2084,1
2085,0
2086,2
2087,0
2088,2
2089,0
2090,1
2091,0
2092,1
2093,0
2094,0
2095,0
2096,0
2097,0
2098,2
2099,0
2100,2
2101,0
2102,0
2103,1
2104,0
2105,1
2106,2
2107,0
2108,1
2109,0
2110,0
2111,1
2112,2
2113,0
2114,1
2115,0
2116,1
2117,0
2118,2
2119,1
2120,0
2121,0
2122,1
2123,1
2124,0
2125,2
2126,1
2127,0
2128,1
2129,0
2130,0
2131,1
2132,1
2133,0
2134,2
2135,3
2136,1
2137,1
2138,0
2139,1
2140,1
2141,1
2142,1
2143,0
2144,1
2145,0
2146,3
2147,0
2148,1
2149,0
2150,0
2151,1
2152,1
2153,1
2154,1
2155,0
2156,1
2157,0
2158,0
2159,0
2160,0
2161,1
2162,3
2163,1
2164,1
2165,2
2166,0
2167,3
2168,0
2169,1
2170,0
2171,0
2172,2
2173,0
2174,2
2175,0
2176,1
2177,2
2178,1
2179,3
2180,3
2181,0
2182,0
2183,1
2184,2
2185,1
2186,1
2187,1
2188,2
2189,0
2190,0
2191,2
2192,0
2193,1
2194,2
2195,0
2196,1
2197,1
2198,0
2199,0
2200,0
2201,1
2202,0
2203,1
2204,1
2205,2
2206,2
2207,1
2208,1
2209,1
2210,1
2211,1
2212,1
2213,0
2214,0
2215,0
2216,2
2217,0
2218,2
2219,0
2220,1
2221,1
2222,2
2223,1
2224,1
2225,1
2226,0
2227,0
2228,2
2229,1
2230,3
2231,0
2232,0
2233,0
2234,1
2235,2
2236,0
2237,3
2238,0
2239,0
2240,3
2241,1
2242,1
2243,1
2244,0
2245,1
2246,0
2247,0
2248,0
2249,2
2250,3
2251,0
2252,0
2253,0
2254,0
2255,0
2256,3
2257,0
2258,0
2259,0
2260,1
2261,0
2262,0
2263,1
2264,1
2265,1
2266,0
2267,1
2268,0
2269,1
2270,2
2271,1
2272,1
2273,1
2274,1
2275,2
2276,1
2277,0
2278,0
2279,1
2280,1
2281,2
2282,0
2283,1
2284,0
2285,0
2286,0
2287,1
2288,1
2289,1
2290,1
2291,2
2292,0
2293,1
2294,0
2295,3
2296,0
2297,0
2298,0
2299,0
2300,0
2301,1
2302,3
2303,1
2304,1
2305,0
2306,1
2307,1
2308,0
2309,0
2310,0
2311,0
2312,1
2313,1
2314,1
2315,2
2316,0
2317,1
2318,0
2319,1
2320,1
2321,1
2322,0
2323,1
2324,2
2325,1
2326,1
2327,2
2328,0
2329,0
2330,1
2331,1
2332,0
2333,2
2334,1
2335,0
2336,2
2337,1
2338,1
2339,1
2340,0
2341,0
2342,0
2343,0
2344,2
2345,3
2346,0
2347,1
2348,0
2349,1
2350,0
2351,3
2352,2
2353,0
2354,1
2355,0
2356,1
2357,2
2358,0
2359,1
2360,0
2361,1
2362,2
2363,2
2364,1
2365,3
2366,0
2367,1
2368,2
2369,0
2370,1
2371,0
2372,1
2373,2
2374,0
2375,0
2376,1
2377,2
2378,0
2379,1
2380,3
2381,1
2382,0
2383,0
2384,0
2385,0
2386,1
2387,0
2388,1
2389,0
2390,0
2391,2
2392,1
2393,3
2394,0
2395,0
2396,1
2397,0
2398,0
2399,1
2400,0
2401,0
2402,0
2403,1
2404,0
2405,1
2406,0
2407,1
2408,3
2409,1
2410,1
2411,0
2412,1
2413,0
2414,2
2415,1
2416,0
2417,1
2418,2
2419,1
2420,3
2421,0
2422,0
2423,1
2424,1
2425,0
2426,1
2427,2
2428,2
2429,2
2430,0
2431,0
2432,1
2433,1
2434,1
2435,0
2436,1
2437,1
2438,0
2439,1
2440,1
2441,1
2442,0
2443,1
2444,0
2445,1
2446,1
2447,0
2448,1
2449,1
2450,0
2451,2
2452,2
2453,0
2454,1
2455,0
2456,0
2457,2
2458,2
2459,1
2460,1
2461,0
2462,0
2463,0
2464,0
2465,0
2466,0
2467,1
2468,0
2469,0
2470,0
2471,0
2472,3
2473,0
2474,1
2475,1
2476,1
2477,1
2478,1
2479,3
2480,1
2481,2
2482,0
2483,1
2484,1
2485,0
2486,0
2487,1
2488,1
2489,1
2490,1
2491,0
2492,0
2493,1
2494,1
2495,0
2496,1
2497,1
2498,2
2499,3
2500,2
2501,1
2502,0
2503,0
2504,1
2505,3
2506,0
2507,2
2508,0
2509,1
2510,1
2511,0
2512,0
2513,1
2514,1
2515,1
2516,1
2517,0
2518,1
2519,0
2520,1
2521,0
2522,1
2523,2
2524,1
2525,0
2526,2
2527,1
2528,2
2529,2
2530,0
2531,1
2532,0
2533,0
2534,3
2535,0
2536,0
2537,1
2538,0
2539,1
2540,0
2541,0
2542,1
2543,2
2544,1
2545,0
2546,0
2547,1
2548,2
2549,1
2550,0
2551,1
2552,0
2553,0
2554,0
2555,1
2556,0
2557,1
2558,2
2559,1
2560,0
2561,3
2562,2
2563,0
2564,2
2565,1
2566,2
2567,0
2568,1
2569,1
2570,0
2571,0
2572,2
2573,1
2574,0
2575,1
2576,0
2577,1
2578,0
2579,0
2580,1
2581,1
2582,0
2583,0
2584,3
2585,0
2586,1
2587,0
2588,0
2589,1
2590,1
2591,0
2592,0
2593,1
2594,1
2595,2
2596,2
2597,1
2598,1
2599,1
2600,3
2601,0
2602,0
2603,1
2604,1
2605,3
2606,1
2607,1
2608,0
2609,3
2610,0
2611,0
2612,0
2613,0
2614,1
2615,0
2616,0
2617,0
2618,1
2619,1
2620,1
2621,3
2622,3
2623,1
2624,0
2625,3
2626,1
2627,0
2628,1
2629,2
2630,1
2631,1
2632,1
2633,0
2634,1
2635,0
2636,1
2637,2
2638,1
2639,0
2640,1
2641,2
2642,0
2643,0
2644,0
2645,0
2646,1
2647,0
2648,1
2649,1
2650,1
2651,2
2652,1
2653,0
2654,0
2655,1
2656,0
2657,1
2658,1
2659,1
2660,0
2661,0
2662,0
2663,1
2664,1
2665,0
2666,0
2667,0
2668,0
2669,1
2670,0
2671,2
2672,1
2673,0
2674,0
2675,2
2676,0
2677,1
2678,1
2679,0
2680,3
2681,0
2682,0
2683,2
2684,1
2685,1
2686,0
2687,0
2688,0
2689,0
2690,1
2691,0
2692,2
2693,0
2694,3
2695,0
2696,0
2697,0
2698,1
2699,1
2700,0
2701,1
2702,0
2703,0
2704,0
2705,0
2706,2
2707,2
2708,1
2709,0
2710,0
2711,0
2712,1
2713,2
2714,1
2715,0
2716,0
2717,1
2718,0
2719,0
2720,1
2721,0
2722,0
2723,1
2724,0
2725,0
2726,2
2727,3
2728,1
2729,2
2730,1
2731,0
2732,1
2733,0
2734,2
2735,0
2736,0
2737,2
2738,0
2739,0
2740,1
2741,2
2742,0
2743,0
2744,1
2745,2
2746,0
2747,0
2748,0
2749,0
2750,2
2751,3
2752,2
2753,1
2754,1
2755,2
2756,0
2757,0
2758,0
2759,0
2760,3
2761,0
2762,0
2763,0
2764,2
2765,0
2766,1
2767,2
2768,1
2769,0
2770,1
2771,1
2772,0
2773,1
2774,0
2775,1
2776,1
2777,1
2778,2
2779,1
2780,1
2781,1
2782,0
2783,0
2784,0
2785,2
2786,0
2787,1
2788,1
2789,0
2790,1
2791,0
2792,0
2793,1
2794,0
2795,1
2796,2
2797,1
2798,3
2799,3
2800,1
2801,0
2802,0
2803,1
2804,1
2805,0
2806,0
2807,3
2808,1
2809,0
2810,0
2811,1
2812,0
2813,0
2814,1
2815,0
2816,0
2817,2
2818,1
2819,3
2820,0
2821,0
2822,1
2823,3
2824,1
2825,0
2826,1
2827,1
2828,1
2829,3
2830,3
2831,1
2832,0
2833,0
2834,1
2835,1
2836,1
2837,3
2838,1
2839,0
2840,2
2841,1
2842,1
2843,3
2844,2
2845,1
2846,1
2847,2
2848,1
2849,0
2850,1
2851,3
2852,1
2853,0
2854,0
2855,0
2856,0
2857,1
2858,0
2859,1
2860,0
2861,1
2862,1
2863,1
2864,1
2865,1
2866,0
2867,1
2868,1
2869,1
2870,1
2871,0
2872,2
2873,1
2874,0
2875,0
2876,1
2877,0
2878,2
2879,2
2880,0
2881,0
2882,0
2883,2
2884,1
2885,1
2886,0
2887,0
2888,1
2889,1
2890,0
2891,0
2892,1
2893,0
2894,0
2895,2
2896,0
2897,1
2898,1
2899,0
2900,2
2901,1
2902,0
2903,0
2904,0
2905,1
2906,0
2907,0
2908,0
2909,0
2910,3
2911,1
2912,0
2913,0
2914,0
2915,2
2916,3
2917,0
2918,0
2919,1
2920,0
2921,1
2922,0
2923,1
2924,0
2925,0
2926,0
2927,0
2928,3
2929,2
2930,0
2931,1
2932,0
2933,0
2934,1
2935,2
2936,0
2937,2
2938,1
2939,0
2940,0
2941,1
2942,0
2943,0
2944,1
2945,0
2946,2
2947,1
2948,0
2949,0
2950,0
2951,0
2952,1
2953,0
2954,0
2955,0
2956,0
2957,1
2958,1
2959,0
2960,1
2961,2
2962,0
2963,0
2964,0
2965,2
2966,1
2967,1
2968,3
2969,2
2970,0
2971,1
2972,0
2973,0
2974,3
2975,2
2976,0
2977,2
2978,1
2979,1
2980,1
2981,0
2982,0
2983,0
2984,2
2985,1
2986,1
2987,0
2988,1
2989,1
2990,0
2991,1
2992,1
2993,1
2994,1
2995,0
2996,0
2997,1
2998,0
2999,0
3000,0
3001,0
3002,1
3003,0
3004,0
3005,1
3006,0
3007,0
3008,0
3009,1
3010,1
3011,0
3012,0
3013,1
3014,2
3015,1
3016,0
3017,3
3018,1
3019,0
3020,1
3021,1
3022,0
3023,1
3024,0
3025,0
3026,1
3027,1
3028,1
3029,0
3030,2
3031,1
3032,0
3033,1
3034,2
3035,1
3036,0
3037,0
3038,0
3039,1
3040,1
3041,0
3042,0
3043,2
3044,0
3045,1
3046,0
3047,1
3048,0
3049,2
3050,1
3051,0
3052,0
3053,0
3054,0
3055,2
3056,1
3057,1
3058,2
3059,1
3060,3
3061,2
3062,1
3063,0
3064,3
3065,0
3066,1
3067,3
3068,1
3069,1
3070,1
3071,1
3072,3
3073,1
3074,1
3075,1
3076,1
3077,1
3078,1
3079,0
3080,0
3081,0
3082,1
3083,3
3084,0
3085,3
3086,2
3087,3
3088,1
3089,1
3090,2
3091,1
3092,1
3093,0
3094,0
3095,0
3096,3
3097,1
3098,1
3099,1
3100,2
3101,0
3102,1
3103,1
3104,1
3105,2
3106,0
3107,1
3108,0
3109,3
3110,1
3111,3
3112,2
3113,1
3114,1
3115,0
3116,0
3117,1
3118,1
3119,0
3120,0
3121,1
3122,0
3123,0
3124,0
3125,3
3126,1
3127,0
3128,0
3129,1
3130,0
3131,0
3132,1
3133,0
3134,1
3135,2
3136,0
3137,1
3138,0
3139,0
3140,2
3141,1
3142,1
3143,0
3144,1
3145,0
3146,1
3147,0
3148,1
3149,0
3150,1
3151,1
3152,3
3153,1
3154,0
3155,1
3156,1
3157,0
3158,0
3159,3
3160,1
3161,2
3162,0
3163,3
3164,1
3165,1
3166,0
3167,2
3168,1
3169,0
3170,0
3171,1
3172,1
3173,1
3174,1
3175,2
3176,0
3177,0
3178,0
3179,0
3180,0
3181,0
3182,1
3183,0
3184,0
3185,1
3186,1
3187,0
3188,0
3189,0
3190,1
3191,0
3192,2
3193,1
3194,0
3195,0
3196,0
3197,0
3198,0
3199,0
3200,1
3201,0
3202,0
3203,0
3204,2
3205,1
3206,1
3207,1
3208,1
3209,3
3210,1
3211,0
3212,0
3213,1
3214,1
3215,1
3216,1
3217,1
3218,1
3219,1
3220,0
3221,0
3222,1
3223,0
3224,0
3225,0
3226,0
3227,1
3228,0
3229,0
3230,2
3231,3
3232,2
3233,0
3234,1
3235,1
3236,0
3237,1
3238,1
3239,3
3240,0
3241,1
3242,2
3243,0
3244,1
3245,1
3246,0
3247,1
3248,0
3249,1
3250,2
3251,0
3252,1
3253,0
3254,0
3255,2
3256,1
3257,3
3258,0
3259,1
3260,0
3261,1
3262,0
3263,0
3264,3
3265,0
3266,1
3267,0
3268,0
3269,1
3270,0
3271,3
3272,1
3273,1
3274,0
3275,1
3276,0
3277,2
3278,0
3279,2
3280,3
3281,1
3282,3
3283,0
3284,0
3285,1
3286,1
3287,2
3288,0
3289,0
3290,1
3291,0
3292,1
3293,1
3294,3
3295,1
3296,0
3297,0
3298,1
3299,1
3300,1
3301,0
3302,1
3303,0
3304,0
3305,0
3306,0
3307,1
3308,0
3309,2
3310,0
3311,0
3312,0
3313,3
3314,0
3315,0
3316,1
3317,0
3318,2
3319,1
3320,1
3321,0
3322,1
3323,0
3324,0
3325,1
3326,0
3327,2
3328,1
3329,1
3330,1
3331,0
3332,1
3333,0
3334,1
3335,0
3336,1
3337,1
3338,0
3339,0
3340,1
3341,1
3342,1
3343,0
3344,1
3345,2
3346,3
3347,2
3348,1
3349,1
3350,2
3351,3
3352,0
3353,0
3354,0
3355,0
3356,1
3357,0
3358,0
3359,0
3360,0
3361,0
3362,0
3363,1
3364,3
3365,1
3366,1
3367,0
3368,0
3369,1
3370,1
3371,0
3372,2
3373,2
3374,1
3375,0
3376,0
3377,0
3378,3
3379,0
3380,0
3381,1
3382,0
3383,1
3384,1
3385,2
3386,2
3387,0
3388,0
3389,1
3390,3
3391,1
3392,0
3393,2
3394,0
3395,0
3396,0
3397,1
3398,0
3399,1
3400,3
3401,0
3402,1
3403,1
3404,1
3405,1
3406,0
3407,1
3408,0
3409,1
3410,0
3411,1
3412,0
3413,0
3414,0
3415,1
3416,1
3417,1
3418,0
3419,0
3420,0
3421,2
3422,1
3423,2
3424,0
3425,0
3426,0
3427,2
3428,1
3429,0
3430,0
3431,1
3432,2
3433,1
3434,1
3435,0
3436,2
3437,1
3438,0
3439,1
3440,0
3441,0
3442,1
3443,2
3444,0
3445,2
3446,2
3447,0
3448,0
3449,0
3450,0
3451,0
3452,0
3453,0
3454,0
3455,2
3456,0
3457,0
3458,1
3459,1
3460,0
3461,0
3462,3
3463,1
3464,0
3465,0
3466,1
3467,1
3468,3
3469,0
3470,0
3471,0
3472,0
3473,3
3474,1
3475,1
3476,1
3477,1
3478,2
3479,0
3480,1
3481,2
3482,1
3483,0
3484,2
3485,0
3486,1
3487,0
3488,1
3489,0
3490,3
3491,1
3492,0
3493,0
3494,1
3495,0
3496,0
3497,0
3498,0
3499,0
3500,1
3501,0
3502,1
3503,2
3504,0
3505,0
3506,1
3507,1
3508,0
3509,1
3510,0
3511,1
3512,0
3513,0
3514,2
3515,3
3516,0
3517,1
3518,0
3519,1
3520,0
3521,0
3522,2
3523,1
3524,0
3525,0
3526,0
3527,2
3528,0
3529,0
3530,0
3531,0
3532,1
3533,1
3534,0
3535,1
3536,0
3537,1
3538,1
3539,0
3540,1
3541,0
3542,2
3543,0
3544,2
3545,2
3546,1
3547,0
3548,0
3549,0
3550,1
3551,1
3552,1
3553,1
3554,0
3555,0
3556,0
3557,1
3558,1
3559,1
3560,0
3561,0
3562,0
3563,0
3564,1
3565,0
3566,3
3567,0
3568,0
3569,2
3570,2
3571,1
3572,1
3573,2
3574,1
3575,1
3576,1
3577,1
3578,0
3579,0
3580,1
3581,0
3582,1
3583,0
3584,0
3585,0
3586,1
3587,0
3588,1
3589,0
3590,0
3591,0
3592,0
3593,1
3594,1
3595,3
3596,1
3597,0
3598,1
3599,1
3600,3
3601,0
3602,1
3603,0
3604,3
3605,0
3606,1
3607,1
3608,3
3609,1
3610,2
3611,0
3612,1
3613,1
3614,0
3615,2
3616,0
3617,0
3618,1
3619,1
3620,1
3621,2
3622,0
3623,1
3624,0
3625,2
3626,1
3627,1
3628,1
3629,1
3630,1
3631,0
3632,3
3633,2
3634,0
3635,3
3636,0
3637,0
3638,3
3639,1
3640,0
3641,1
3642,1
3643,0
3644,0
3645,0
3646,2
3647,0
3648,1
3649,1
3650,2
3651,0
3652,1
3653,1
3654,1
3655,1
3656,1
3657,0
3658,2
3659,1
3660,0
3661,0
3662,0
3663,1
3664,3
3665,2
3666,0
3667,3
3668,2
3669,1
3670,1
3671,3
3672,0
3673,0
3674,1
3675,1
3676,2
3677,0
3678,2
3679,1
3680,1
3681,1
3682,1
3683,1
3684,1
3685,1
3686,2
3687,0
3688,1
3689,1
3690,0
3691,0
3692,0
3693,0
3694,1
3695,1
3696,0
3697,0
3698,1
3699,1
3700,0
3701,1
3702,1
3703,2
3704,0
3705,1
3706,2
3707,1
3708,0
3709,2
3710,2
3711,0
3712,0
3713,0
3714,1
3715,0
3716,0
3717,1
3718,2
3719,1
3720,0
3721,1
3722,2
3723,0
3724,3
3725,1
3726,1
3727,0
3728,1
3729,0
3730,1
3731,0
3732,1
3733,1
3734,3
3735,1
3736,0
3737,0
3738,0
3739,1
3740,0
3741,3
3742,0
3743,1
3744,1
3745,0
3746,1
3747,1
3748,0
3749,0
3750,1
3751,0
3752,0
3753,0
3754,0
3755,0
3756,1
3757,1
3758,2
3759,1
3760,1
3761,0
3762,1
3763,1
3764,0
3765,1
3766,0
3767,1
3768,0
3769,3
3770,0
3771,0
3772,1
3773,0
3774,0
3775,2
3776,0
3777,0
3778,1
3779,1
3780,0
3781,0
3782,0
3783,2
3784,1
3785,0
3786,1
3787,3
3788,0
3789,0
3790,0
3791,1
3792,0
3793,2
3794,1
3795,1
3796,0
3797,1
3798,2
3799,0
3800,2
3801,1
3802,2
3803,0
3804,3
3805,0
3806,1
3807,0
3808,1
3809,0
3810,0
3811,0
3812,0
3813,1
3814,1
3815,0
3816,0
3817,0
3818,0
3819,0
3820,0
3821,0
3822,0
3823,1
3824,0
3825,1
3826,0
3827,0
3828,1
3829,1
3830,1
3831,1
3832,0
3833,1
3834,1
3835,0
3836,1
3837,3
3838,1
3839,0
3840,1
3841,0
3842,1
3843,1
3844,1
3845,1
3846,0
3847,1
3848,1
3849,0
3850,1
3851,1
3852,1
3853,0
3854,0
3855,1
3856,2
3857,0
3858,1
3859,0
3860,0
3861,1
3862,1
3863,1
3864,0
3865,3
3866,1
3867,1
3868,1
3869,0
3870,0
3871,0
3872,2
3873,1
3874,0
3875,3
3876,2
3877,0
3878,1
3879,0
3880,0
3881,1
3882,3
3883,0
3884,0
3885,1
3886,0
3887,3
3888,1
3889,0
3890,0
3891,0
3892,3
3893,1
3894,0
3895,1
3896,1
3897,0
3898,3
3899,0
3900,0
3901,0
3902,0
3903,0
3904,0
3905,1
3906,2
3907,1
3908,0
3909,3
3910,0
3911,0
3912,1
3913,1
3914,1
3915,1
3916,0
3917,1
3918,0
3919,1
3920,0
3921,1
3922,1
3923,0
3924,1
3925,2
3926,0
3927,1
3928,3
3929,1
3930,0
3931,1
3932,1
3933,1
3934,2
3935,0
3936,1
3937,1
3938,2
3939,1
3940,1
3941,0
3942,0
3943,1
3944,2
3945,0
3946,1
3947,1
3948,1
3949,1
3950,1
3951,0
3952,0
3953,1
3954,0
3955,0
3956,1
3957,1
3958,1
3959,2
3960,2
3961,1
3962,0
3963,1
3964,1
3965,1
3966,1
3967,1
3968,1
3969,1
3970,1
3971,1
3972,1
3973,2
3974,0
3975,2
3976,1
3977,0
3978,1
3979,0
3980,0
3981,1
3982,0
3983,2
3984,1
3985,0
3986,0
3987,0
3988,1
3989,1
3990,3
3991,1
3992,2
3993,1
3994,3
3995,0
3996,0
3997,1
3998,2
3999,0
4000,3
4001,1
4002,0
4003,0
4004,0
4005,1
4006,0
4007,0
4008,1
4009,0
4010,3
4011,0
4012,0
4013,0
4014,1
4015,1
4016,2
4017,1
4018,2
4019,0
4020,1
4021,1
4022,2
4023,1
4024,0
4025,1
4026,0
4027,1
4028,0
4029,0
4030,0
4031,1
4032,0
4033,0
4034,0
4035,0
4036,1
4037,0
4038,1
4039,0
4040,1
4041,0
4042,3
4043,1
4044,1
4045,0
4046,1
4047,1
4048,1
4049,1
4050,1
4051,0
4052,1
4053,2
4054,3
4055,1
4056,1
4057,1
4058,0
4059,3
4060,1
4061,1
4062,0
4063,0
4064,0
4065,0
4066,0
4067,0
4068,0
4069,3
4070,0
4071,0
4072,0
4073,0
4074,1
4075,0
4076,0
4077,1
4078,1
4079,0
4080,0
4081,0
4082,0
4083,0
4084,0
4085,0
4086,1
4087,1
4088,1
4089,0
4090,0
4091,1
4092,0
4093,1
4094,0
4095,2
4096,0
4097,1
4098,2
4099,0
4100,0
4101,0
4102,0
4103,1
4104,1
4105,1
4106,1
4107,0
4108,3
4109,0
4110,1
4111,1
4112,1
4113,0
4114,0
4115,0
4116,1
4117,0
4118,0
4119,1
4120,0
4121,1
4122,0
4123,0
4124,2
4125,0
4126,1
4127,1
4128,0
4129,1
4130,1
4131,1
4132,0
4133,0
4134,0
4135,1
4136,0
4137,1
4138,0
4139,0
4140,1
4141,0
4142,0
4143,1
4144,0
4145,0
4146,1
4147,3
4148,1
4149,0
4150,1
4151,0
4152,1
4153,3
4154,1
4155,0
4156,1
4157,0
4158,0
4159,1
4160,0
4161,3
4162,0
4163,0
4164,2
4165,1
4166,3
4167,0
4168,1
4169,2
4170,1
4171,0
4172,2
4173,1
4174,0
4175,0
4176,0
4177,1
4178,1
4179,0
4180,0
4181,1
4182,2
4183,1
4184,0
4185,1
4186,1
4187,3
4188,1
4189,0
4190,0
4191,1
4192,2
4193,0
4194,0
4195,1
4196,0
4197,0
4198,0
4199,2
4200,0
4201,2
4202,0
4203,0
4204,0
4205,0
4206,0
4207,1
4208,0
4209,0
4210,3
4211,1
4212,0
4213,0
4214,0
4215,3
4216,0
4217,0
4218,0
4219,0
4220,0
4221,0
4222,0
4223,0
4224,1
4225,0
4226,1
4227,1
4228,1
4229,0
4230,2
4231,1
4232,0
4233,0
4234,0
4235,2
4236,1
4237,0
4238,1
4239,2
4240,1
4241,0
4242,1
4243,1
4244,1
4245,3
4246,0
4247,0
4248,0
4249,1
4250,1
4251,1
4252,2
4253,1
4254,0
4255,3
4256,0
4257,1
4258,1
4259,0
4260,0
4261,0
4262,3
4263,0
4264,0
4265,1
4266,1
4267,1
4268,0
4269,2
4270,1
4271,1
4272,0
4273,0
4274,0
4275,2
4276,3
4277,1
4278,1
4279,0
4280,0
4281,0
4282,0
4283,0
4284,0
4285,1
4286,2
4287,0
4288,3
4289,0
4290,1
4291,0
4292,0
4293,1
4294,2
4295,0
4296,0
4297,1
4298,1
4299,1
4300,1
4301,1
4302,0
4303,2
4304,0
4305,2
4306,0
4307,1
4308,0
4309,0
4310,0
4311,0
4312,0
4313,0
4314,0
4315,1
4316,0
4317,1
4318,1
4319,1
4320,0
4321,3
4322,3
4323,1
4324,2
4325,1
4326,0
4327,0
4328,3
4329,0
4330,1
4331,0
4332,0
4333,0
4334,0
4335,0
4336,2
4337,2
4338,0
4339,0
4340,3
4341,0
4342,0
4343,1
4344,1
4345,0
4346,2
4347,1
4348,0
4349,1
4350,3
4351,0
4352,1
4353,2
4354,0
4355,0
4356,1
4357,1
4358,0
4359,3
4360,1
4361,0
4362,0
4363,0
4364,0
4365,3
4366,1
4367,0
4368,2
4369,2
4370,0
4371,1
4372,2
4373,0
4374,0
4375,0
4376,0
4377,0
4378,1
4379,0
4380,0
4381,1
4382,0
4383,0
4384,0
4385,1
4386,1
4387,1
4388,1
4389,2
4390,1
4391,0
4392,0
4393,1
4394,0
4395,0
4396,1
4397,0
4398,0
4399,1
4400,0
4401,1
4402,0
4403,0
4404,1
4405,0
4406,1
4407,0
4408,1
4409,3
4410,0
4411,0
4412,0
4413,0
4414,0
4415,0
4416,1
4417,1
4418,1
4419,1
4420,0
4421,3
4422,0
4423,0
4424,1
4425,0
4426,1
4427,1
4428,1
4429,0
4430,0
4431,3
4432,0
4433,1
4434,0
4435,1
4436,0
4437,1
4438,0
4439,1
4440,3
4441,0
4442,2
4443,0
4444,0
4445,1
4446,3
4447,0
4448,0
4449,0
4450,1
4451,1
4452,0
4453,0
4454,1
4455,1
4456,1
4457,1
4458,0
4459,1
4460,1
4461,0
4462,1
4463,0
4464,0
4465,2
4466,1
4467,0
4468,0
4469,1
4470,0
4471,0
4472,0
4473,1
4474,2
4475,0
4476,0
4477,2
4478,0
4479,1
4480,1
4481,1
4482,0
4483,0
4484,3
4485,1
4486,1
4487,0
4488,0
4489,0
4490,1
4491,1
4492,0
4493,1
4494,2
4495,1
4496,3
4497,0
4498,0
4499,0
4500,0
4501,0
4502,0
4503,0
4504,2
4505,1
4506,0
4507,1
4508,0
4509,2
4510,1
4511,0
4512,0
4513,0
4514,0
4515,0
4516,1
4517,2
4518,1
4519,1
4520,1
4521,0
4522,2
4523,1
4524,0
4525,2
4526,1
4527,0
4528,0
4529,1
4530,0
4531,0
4532,1
4533,1
4534,1
4535,0
4536,0
4537,0
4538,1
4539,0
4540,0
4541,0
4542,2
4543,3
4544,0
4545,1
4546,1
4547,0
4548,1
4549,3
4550,0
4551,3
4552,1
4553,0
4554,0
4555,0
4556,1
4557,0
4558,1
4559,2
4560,0
4561,3
4562,0
4563,1
4564,1
4565,1
4566,0
4567,1
4568,1
4569,0
4570,1
4571,1
4572,1
4573,1
4574,3
4575,3
4576,1
4577,0
4578,2
4579,2
4580,0
4581,0
4582,0
4583,1
4584,1
4585,0
4586,1
4587,0
4588,1
4589,1
4590,0
4591,1
4592,0
4593,1
4594,0
4595,1
4596,1
4597,0
4598,1
4599,2
4600,0
4601,0
4602,0
4603,1
4604,0
4605,0
4606,0
4607,0
4608,1
4609,1
4610,1
4611,0
4612,1
4613,0
4614,1
4615,0
4616,0
4617,1
4618,0
4619,1
4620,1
4621,1
4622,1
4623,0
4624,1
4625,0
4626,2
4627,1
4628,0
4629,0
4630,0
4631,1
4632,1
4633,2
4634,0
4635,0
4636,0
4637,0
4638,1
4639,0
4640,1
4641,1
4642,2
4643,1
4644,0
4645,1
4646,1
4647,0
4648,0
4649,2
4650,1
4651,0
4652,0
4653,1
4654,3
4655,0
4656,0
4657,1
4658,0
4659,0
4660,3
4661,0
4662,1
4663,1
4664,1
4665,2
4666,2
4667,0
4668,0
4669,0
4670,1
4671,1
4672,1
4673,0
4674,3
4675,0
4676,0
4677,2
4678,0
4679,0
4680,0
4681,0
4682,0
4683,1
4684,0
4685,1
4686,0
4687,0
4688,0
4689,1
4690,1
4691,0
4692,1
4693,0
4694,1
4695,0
4696,0
4697,1
4698,0
4699,1
4700,0
4701,1
4702,1
4703,1
4704,0
4705,1
4706,1
4707,0
4708,1
4709,0
4710,0
4711,1
4712,2
4713,1
4714,2
4715,1
4716,0
4717,0
4718,1
4719,2
4720,1
4721,0
4722,1
4723,1
4724,0
4725,2
4726,3
4727,3
4728,0
4729,1
4730,1
4731,2
4732,0
4733,1
4734,0
4735,1
4736,1
4737,2
4738,0
4739,1
4740,1
4741,1
4742,2
4743,2
4744,0
4745,1
4746,0
4747,0
4748,0
4749,1
4750,0
4751,0
4752,1
4753,1
4754,1
4755,3
4756,1
4757,0
4758,1
4759,1
4760,0
4761,1
4762,1
4763,0
4764,0
4765,3
4766,1
4767,0
4768,1
4769,0
4770,1
4771,1
4772,0
4773,2
4774,0
4775,3
4776,0
4777,1
4778,0
4779,1
4780,3
4781,0
4782,2
4783,1
4784,0
4785,1
4786,0
4787,0
4788,1
4789,0
4790,0
4791,0
4792,0
4793,0
4794,2
4795,0
4796,1
4797,0
4798,1
4799,0
4800,1
4801,1
4802,1
4803,3
4804,3
4805,0
4806,1
4807,1
4808,2
4809,2
4810,2
4811,1
4812,1
4813,1
4814,1
4815,0
4816,0
4817,1
4818,1
4819,1
4820,3
4821,1
4822,0
4823,0
4824,1
4825,2
4826,0
4827,2
4828,0
4829,2
4830,3
4831,2
4832,1
4833,1
4834,1
4835,1
4836,1
4837,1
4838,1
4839,1
4840,0
4841,0
4842,1
4843,0
4844,1
4845,0
4846,3
4847,0
4848,1
4849,2
4850,0
4851,0
4852,0
4853,1
4854,3
4855,2
4856,0
4857,0
4858,0
4859,1
4860,0
4861,1
4862,0
4863,0
4864,2
4865,0
4866,0
4867,1
4868,0
4869,2
4870,0
4871,0
4872,1
4873,0
4874,1
4875,1
4876,0
4877,1
4878,3
4879,0
4880,0
4881,1
4882,0
4883,1
4884,0
4885,0
4886,1
4887,0
4888,3
4889,1
4890,2
4891,0
4892,2
4893,2
4894,0
4895,1
4896,0
4897,1
4898,1
4899,2
4900,1
4901,2
4902,3
4903,0
4904,1
4905,0
4906,1
4907,0
4908,2
4909,0
4910,0
4911,0
4912,1
4913,2
4914,1
4915,0
4916,0
4917,3
4918,1
4919,3
4920,0
4921,1
4922,1
4923,0
4924,0
4925,1
4926,0
4927,1
4928,3
4929,1
4930,2
4931,1
4932,0
4933,0
4934,0
4935,1
4936,1
4937,1
4938,0
4939,1
4940,0
4941,1
4942,1
4943,0
4944,2
4945,0
4946,0
4947,1
4948,1
4949,0
4950,1
4951,0
4952,2
4953,1
4954,1
4955,0
4956,0
4957,1
4958,3
4959,3
4960,0
4961,0
4962,1
4963,1
4964,1
4965,0
4966,0
4967,0
4968,1
4969,1
4970,0
4971,0
4972,0
4973,0
4974,1
4975,2
4976,1
4977,0
4978,0
4979,0
4980,0
4981,0
4982,0
4983,1
4984,1
4985,0
4986,0
4987,0
4988,1
4989,1
4990,1
4991,1
4992,0
4993,1
4994,0
4995,1
4996,0
4997,2
4998,1
4999,3
5000,1
5001,1
5002,0
5003,0
5004,0
5005,0
5006,0
5007,0
5008,0
5009,0
5010,2
5011,0
5012,1
5013,0
5014,0
5015,0
5016,3
5017,0
5018,0
5019,2
5020,0
5021,1
5022,0
5023,0
5024,0
5025,2
5026,3
5027,1
5028,0
5029,2
5030,0
5031,1
5032,0
5033,1
5034,1
5035,0
5036,1
5037,1
5038,1
5039,0
5040,0
5041,0
5042,0
5043,0
5044,1
5045,1
5046,3
5047,0
5048,1
5049,0
5050,0
5051,3
5052,0
5053,0
5054,3
5055,0
5056,2
5057,0
5058,0
5059,0
5060,1
5061,0
5062,1
5063,0
5064,1
5065,2
5066,2
5067,0
5068,0
5069,1
5070,0
5071,0
5072,0
5073,1
5074,0
5075,1
5076,0
5077,1
5078,1
5079,1
5080,1
5081,0
5082,0
5083,1
5084,1
5085,2
5086,0
5087,0
5088,3
5089,2
5090,2
5091,0
5092,1
5093,1
5094,1
5095,0
5096,0
5097,1
5098,3
5099,0
5100,1
5101,0
5102,1
5103,1
5104,0
5105,0
5106,3
5107,0
5108,0
5109,1
5110,1
5111,0
5112,3
5113,1
5114,3
5115,0
5116,3
5117,1
5118,0
5119,0
5120,2
5121,3
5122,3
5123,1
5124,1
5125,0
5126,1
5127,0
5128,0
5129,0
5130,0
5131,0
5132,1
5133,0
5134,1
5135,0
5136,1
5137,1
5138,0
5139,0
5140,1
5141,1
5142,1
5143,0
5144,0
5145,0
5146,1
5147,0
5148,0
5149,0
5150,0
5151,1
5152,0
5153,0
5154,0
5155,0
5156,1
5157,0
5158,2
5159,0
5160,1
5161,1
5162,1
5163,0
5164,1
5165,1
5166,0
5167,3
5168,1
5169,0
5170,0
5171,2
5172,1
5173,1
5174,0
5175,3
5176,2
5177,1
5178,0
5179,0
5180,3
5181,2
5182,0
5183,2
5184,0
5185,0
5186,1
5187,0
5188,0
5189,0
5190,3
5191,1
5192,1
5193,0
5194,1
5195,0
5196,0
5197,3
5198,2
5199,1
5200,0
5201,1
5202,0
5203,0
5204,1
5205,1
5206,1
5207,0
5208,3
5209,2
5210,2
5211,1
5212,3
5213,1
5214,0
5215,0
5216,1
5217,1
5218,0
5219,0
5220,1
5221,2
5222,1
5223,1
5224,1
5225,1
5226,0
5227,1
5228,0
5229,0
5230,0
5231,1
5232,0
5233,0
5234,0
5235,0
5236,2
5237,1
5238,1
5239,0
5240,1
5241,0
5242,0
5243,0
5244,0
5245,0
5246,1
5247,3
5248,2
5249,3
5250,0
5251,2
5252,1
5253,2
5254,0
5255,0
5256,0
5257,0
5258,1
5259,1
5260,0
5261,0
5262,3
5263,3
5264,0
5265,0
5266,2
5267,0
5268,0
5269,0
5270,0
5271,0
5272,0
5273,1
5274,1
5275,0
5276,1
5277,0
5278,0
5279,0
5280,0
5281,2
5282,1
5283,2
5284,0
5285,1
5286,1
5287,1
5288,0
5289,0
5290,1
5291,1
5292,0
5293,3
5294,0
5295,0
5296,0
5297,1
5298,0
5299,0
5300,0
5301,0
5302,1
5303,3
5304,1
5305,1
5306,1
5307,0
5308,1
5309,1
5310,0
5311,3
5312,1
5313,0
5314,0
5315,1
5316,0
5317,1
5318,2
5319,1
5320,1
5321,1
5322,0
5323,0
5324,1
5325,1
5326,0
5327,0
5328,1
5329,3
5330,1
5331,1
5332,0
5333,0
5334,2
5335,1
5336,3
5337,0
5338,0
5339,0
5340,0
5341,0
5342,0
5343,1
5344,0
5345,1
5346,3
5347,0
5348,1
5349,1
5350,0
5351,1
5352,1
5353,1
5354,0
5355,0
5356,1
5357,3
5358,1
5359,0
5360,0
5361,2
5362,3
5363,0
5364,1
5365,2
5366,0
5367,0
5368,0
5369,1
5370,3
5371,0
5372,3
5373,1
5374,0
5375,0
5376,1
5377,2
5378,1
5379,1
5380,0
5381,1
5382,1
5383,0
5384,0
5385,1
5386,0
5387,1
5388,3
5389,2
5390,1
5391,1
5392,2
5393,1
5394,1
5395,1
5396,0
5397,0
5398,3
5399,0
5400,1
5401,1
5402,2
5403,0
5404,2
5405,1
5406,0
5407,0
5408,0
5409,1
5410,1
5411,1
5412,0
5413,2
5414,1
5415,2
5416,2
5417,1
5418,1
5419,0
5420,0
5421,0
5422,0
5423,1
5424,1
5425,1
5426,1
5427,1
5428,0
5429,0
5430,0
5431,1
5432,0
5433,1
5434,1
5435,3
5436,0
5437,0
5438,0
5439,2
5440,0
5441,1
5442,1
5443,2
5444,1
5445,1
5446,1
5447,1
5448,0
5449,2
5450,3
5451,0
5452,0
5453,0
5454,1
5455,1
5456,2
5457,2
5458,3
5459,1
5460,0
5461,0
5462,0
5463,0
5464,1
5465,3
5466,0
5467,0
5468,0
5469,1
5470,1
5471,1
5472,0
5473,0
5474,0
5475,3
5476,2
5477,0
5478,3
5479,1
5480,0
5481,2
5482,3
5483,0
5484,1
5485,1
5486,0
5487,2
5488,0
5489,1
5490,1
5491,2
5492,1
5493,1
5494,2
5495,1
5496,0
5497,1
5498,0
5499,3
5500,0
5501,1
5502,0
5503,0
5504,2
5505,1
5506,2
5507,0
5508,0
5509,0
5510,2
5511,0
5512,0
5513,2
5514,1
5515,1
5516,0
5517,1
5518,2
5519,1
5520,0
5521,2
5522,0
5523,0
5524,0
5525,1
5526,1
5527,0
5528,1
5529,2
5530,2
5531,0
5532,1
5533,0
5534,0
5535,2
5536,1
5537,1
5538,0
5539,2
5540,0
5541,0
5542,0
5543,0
5544,1
5545,0
5546,3
5547,1
5548,1
5549,0
5550,0
5551,1
5552,0
5553,0
5554,1
5555,0
5556,0
5557,0
5558,1
5559,1
5560,0
5561,2
5562,1
5563,1
5564,2
5565,1
5566,1
5567,1
5568,1
5569,2
5570,1
5571,0
5572,0
5573,0
5574,0
5575,0
5576,0
5577,1
5578,1
5579,1
5580,0
5581,1
5582,1
5583,3
5584,0
5585,2
5586,0
5587,1
5588,0
5589,2
5590,2
5591,1
5592,0
5593,1
5594,0
5595,1
5596,3
5597,2
5598,1
5599,2
5600,3
5601,1
5602,0
5603,0
5604,1
5605,1
5606,2
5607,0
5608,1
5609,1
5610,1
5611,2
5612,2
5613,0
5614,0
5615,1
5616,2
5617,2
5618,0
5619,1
5620,0
5621,0
5622,2
5623,2
5624,0
5625,1
5626,1
5627,1
5628,1
5629,0
5630,2
5631,0
5632,2
5633,1
5634,1
5635,1
5636,2
5637,1
5638,1
5639,0
5640,1
5641,0
5642,0
5643,3
5644,0
5645,0
5646,0
5647,0
5648,1
5649,0
5650,1
5651,1
5652,0
5653,0
5654,1
5655,1
5656,1
5657,1
5658,1
5659,0
5660,1
5661,1
5662,0
5663,2
5664,2
5665,1
5666,1
5667,1
5668,1
5669,1
5670,0
5671,0
5672,0
5673,2
5674,1
5675,0
5676,1
5677,2
5678,0
5679,0
5680,0
